id,class,path
44988,Watches,dataset/watches/44988.jpg
36756,Watches,dataset/watches/36756.jpg
53572,Watches,dataset/watches/53572.jpg
45268,Watches,dataset/watches/45268.jpg
54651,Watches,dataset/watches/54651.jpg
45877,Watches,dataset/watches/45877.jpg
46534,Watches,dataset/watches/46534.jpg
29502,Watches,dataset/watches/29502.jpg
58455,Watches,dataset/watches/58455.jpg
29916,Watches,dataset/watches/29916.jpg
19288,Watches,dataset/watches/19288.jpg
21683,Watches,dataset/watches/21683.jpg
40523,Watches,dataset/watches/40523.jpg
10700,Watches,dataset/watches/10700.jpg
40549,Watches,dataset/watches/40549.jpg
17429,Watches,dataset/watches/17429.jpg
45285,Watches,dataset/watches/45285.jpg
45245,Watches,dataset/watches/45245.jpg
10387,Watches,dataset/watches/10387.jpg
45026,Watches,dataset/watches/45026.jpg
45210,Watches,dataset/watches/45210.jpg
59287,Watches,dataset/watches/59287.jpg
33916,Watches,dataset/watches/33916.jpg
29752,Watches,dataset/watches/29752.jpg
30014,Watches,dataset/watches/30014.jpg
29408,Watches,dataset/watches/29408.jpg
45146,Watches,dataset/watches/45146.jpg
10219,Watches,dataset/watches/10219.jpg
53590,Watches,dataset/watches/53590.jpg
19295,Watches,dataset/watches/19295.jpg
19272,Watches,dataset/watches/19272.jpg
4692,Watches,dataset/watches/4692.jpg
5078,Watches,dataset/watches/5078.jpg
56678,Watches,dataset/watches/56678.jpg
45906,Watches,dataset/watches/45906.jpg
43160,Watches,dataset/watches/43160.jpg
49863,Watches,dataset/watches/49863.jpg
45902,Watches,dataset/watches/45902.jpg
17453,Watches,dataset/watches/17453.jpg
29500,Watches,dataset/watches/29500.jpg
29749,Watches,dataset/watches/29749.jpg
31851,Watches,dataset/watches/31851.jpg
46539,Watches,dataset/watches/46539.jpg
10391,Watches,dataset/watches/10391.jpg
49851,Watches,dataset/watches/49851.jpg
31859,Watches,dataset/watches/31859.jpg
23258,Watches,dataset/watches/23258.jpg
26331,Watches,dataset/watches/26331.jpg
28441,Watches,dataset/watches/28441.jpg
45253,Watches,dataset/watches/45253.jpg
45874,Watches,dataset/watches/45874.jpg
58822,Watches,dataset/watches/58822.jpg
25629,Watches,dataset/watches/25629.jpg
43199,Watches,dataset/watches/43199.jpg
50391,Watches,dataset/watches/50391.jpg
32376,Watches,dataset/watches/32376.jpg
51638,Watches,dataset/watches/51638.jpg
23287,Watches,dataset/watches/23287.jpg
56317,Watches,dataset/watches/56317.jpg
43175,Watches,dataset/watches/43175.jpg
37503,Watches,dataset/watches/37503.jpg
30013,Watches,dataset/watches/30013.jpg
21694,Watches,dataset/watches/21694.jpg
39364,Watches,dataset/watches/39364.jpg
49876,Watches,dataset/watches/49876.jpg
25634,Watches,dataset/watches/25634.jpg
10389,Watches,dataset/watches/10389.jpg
59217,Watches,dataset/watches/59217.jpg
56324,Watches,dataset/watches/56324.jpg
46509,Watches,dataset/watches/46509.jpg
21684,Watches,dataset/watches/21684.jpg
46473,Watches,dataset/watches/46473.jpg
33923,Watches,dataset/watches/33923.jpg
38007,Watches,dataset/watches/38007.jpg
48021,Watches,dataset/watches/48021.jpg
49880,Watches,dataset/watches/49880.jpg
36899,Watches,dataset/watches/36899.jpg
54658,Watches,dataset/watches/54658.jpg
29750,Watches,dataset/watches/29750.jpg
21689,Watches,dataset/watches/21689.jpg
45038,Watches,dataset/watches/45038.jpg
21686,Watches,dataset/watches/21686.jpg
11198,Watches,dataset/watches/11198.jpg
59263,Watches,dataset/watches/59263.jpg
51532,Watches,dataset/watches/51532.jpg
21696,Watches,dataset/watches/21696.jpg
45128,Watches,dataset/watches/45128.jpg
51631,Watches,dataset/watches/51631.jpg
8106,Watches,dataset/watches/8106.jpg
29422,Watches,dataset/watches/29422.jpg
49866,Watches,dataset/watches/49866.jpg
49875,Watches,dataset/watches/49875.jpg
17417,Watches,dataset/watches/17417.jpg
29754,Watches,dataset/watches/29754.jpg
29758,Watches,dataset/watches/29758.jpg
36788,Watches,dataset/watches/36788.jpg
46552,Watches,dataset/watches/46552.jpg
19258,Watches,dataset/watches/19258.jpg
25667,Watches,dataset/watches/25667.jpg
59257,Watches,dataset/watches/59257.jpg
25649,Watches,dataset/watches/25649.jpg
29937,Watches,dataset/watches/29937.jpg
43170,Watches,dataset/watches/43170.jpg
40527,Watches,dataset/watches/40527.jpg
45883,Watches,dataset/watches/45883.jpg
32374,Watches,dataset/watches/32374.jpg
45130,Watches,dataset/watches/45130.jpg
44983,Watches,dataset/watches/44983.jpg
16785,Watches,dataset/watches/16785.jpg
29506,Watches,dataset/watches/29506.jpg
23274,Watches,dataset/watches/23274.jpg
10192,Watches,dataset/watches/10192.jpg
23282,Watches,dataset/watches/23282.jpg
45163,Watches,dataset/watches/45163.jpg
54652,Watches,dataset/watches/54652.jpg
59265,Watches,dataset/watches/59265.jpg
29919,Watches,dataset/watches/29919.jpg
54621,Watches,dataset/watches/54621.jpg
30045,Watches,dataset/watches/30045.jpg
40511,Watches,dataset/watches/40511.jpg
46434,Watches,dataset/watches/46434.jpg
22936,Watches,dataset/watches/22936.jpg
44996,Watches,dataset/watches/44996.jpg
44989,Watches,dataset/watches/44989.jpg
59244,Watches,dataset/watches/59244.jpg
30064,Watches,dataset/watches/30064.jpg
45047,Watches,dataset/watches/45047.jpg
48005,Watches,dataset/watches/48005.jpg
16779,Watches,dataset/watches/16779.jpg
19281,Watches,dataset/watches/19281.jpg
25656,Watches,dataset/watches/25656.jpg
25318,Watches,dataset/watches/25318.jpg
29926,Watches,dataset/watches/29926.jpg
38041,Watches,dataset/watches/38041.jpg
48038,Watches,dataset/watches/48038.jpg
28584,Watches,dataset/watches/28584.jpg
45194,Watches,dataset/watches/45194.jpg
41031,Watches,dataset/watches/41031.jpg
45929,Watches,dataset/watches/45929.jpg
29446,Watches,dataset/watches/29446.jpg
46529,Watches,dataset/watches/46529.jpg
40517,Watches,dataset/watches/40517.jpg
29757,Watches,dataset/watches/29757.jpg
53615,Watches,dataset/watches/53615.jpg
45007,Watches,dataset/watches/45007.jpg
4715,Watches,dataset/watches/4715.jpg
30083,Watches,dataset/watches/30083.jpg
53595,Watches,dataset/watches/53595.jpg
29944,Watches,dataset/watches/29944.jpg
8146,Watches,dataset/watches/8146.jpg
17849,Tshirts,dataset/tshirts/17849.jpg
26712,Tshirts,dataset/tshirts/26712.jpg
9927,Tshirts,dataset/tshirts/9927.jpg
3763,Tshirts,dataset/tshirts/3763.jpg
7020,Tshirts,dataset/tshirts/7020.jpg
7481,Tshirts,dataset/tshirts/7481.jpg
30618,Tshirts,dataset/tshirts/30618.jpg
16413,Tshirts,dataset/tshirts/16413.jpg
7914,Tshirts,dataset/tshirts/7914.jpg
40271,Tshirts,dataset/tshirts/40271.jpg
4250,Tshirts,dataset/tshirts/4250.jpg
5806,Tshirts,dataset/tshirts/5806.jpg
4199,Tshirts,dataset/tshirts/4199.jpg
45531,Tshirts,dataset/tshirts/45531.jpg
8341,Tshirts,dataset/tshirts/8341.jpg
6488,Tshirts,dataset/tshirts/6488.jpg
2747,Tshirts,dataset/tshirts/2747.jpg
18942,Tshirts,dataset/tshirts/18942.jpg
4354,Tshirts,dataset/tshirts/4354.jpg
21591,Tshirts,dataset/tshirts/21591.jpg
13429,Tshirts,dataset/tshirts/13429.jpg
5098,Tshirts,dataset/tshirts/5098.jpg
34177,Tshirts,dataset/tshirts/34177.jpg
16289,Tshirts,dataset/tshirts/16289.jpg
19791,Tshirts,dataset/tshirts/19791.jpg
2974,Tshirts,dataset/tshirts/2974.jpg
6038,Tshirts,dataset/tshirts/6038.jpg
6196,Tshirts,dataset/tshirts/6196.jpg
24906,Tshirts,dataset/tshirts/24906.jpg
44634,Tshirts,dataset/tshirts/44634.jpg
3417,Tshirts,dataset/tshirts/3417.jpg
12202,Tshirts,dataset/tshirts/12202.jpg
4961,Tshirts,dataset/tshirts/4961.jpg
2677,Tshirts,dataset/tshirts/2677.jpg
9823,Tshirts,dataset/tshirts/9823.jpg
29594,Tshirts,dataset/tshirts/29594.jpg
4392,Tshirts,dataset/tshirts/4392.jpg
5186,Tshirts,dataset/tshirts/5186.jpg
34387,Tshirts,dataset/tshirts/34387.jpg
18625,Tshirts,dataset/tshirts/18625.jpg
26486,Tshirts,dataset/tshirts/26486.jpg
3342,Tshirts,dataset/tshirts/3342.jpg
16494,Tshirts,dataset/tshirts/16494.jpg
6757,Tshirts,dataset/tshirts/6757.jpg
23627,Tshirts,dataset/tshirts/23627.jpg
6123,Tshirts,dataset/tshirts/6123.jpg
54935,Tshirts,dataset/tshirts/54935.jpg
1877,Tshirts,dataset/tshirts/1877.jpg
14945,Tshirts,dataset/tshirts/14945.jpg
10008,Tshirts,dataset/tshirts/10008.jpg
3414,Tshirts,dataset/tshirts/3414.jpg
6693,Tshirts,dataset/tshirts/6693.jpg
9681,Tshirts,dataset/tshirts/9681.jpg
57931,Tshirts,dataset/tshirts/57931.jpg
16138,Tshirts,dataset/tshirts/16138.jpg
8392,Tshirts,dataset/tshirts/8392.jpg
7443,Tshirts,dataset/tshirts/7443.jpg
52083,Tshirts,dataset/tshirts/52083.jpg
57430,Tshirts,dataset/tshirts/57430.jpg
29024,Tshirts,dataset/tshirts/29024.jpg
19786,Tshirts,dataset/tshirts/19786.jpg
38594,Tshirts,dataset/tshirts/38594.jpg
11775,Tshirts,dataset/tshirts/11775.jpg
34422,Tshirts,dataset/tshirts/34422.jpg
57437,Tshirts,dataset/tshirts/57437.jpg
14070,Tshirts,dataset/tshirts/14070.jpg
16496,Tshirts,dataset/tshirts/16496.jpg
2922,Tshirts,dataset/tshirts/2922.jpg
2619,Tshirts,dataset/tshirts/2619.jpg
2305,Tshirts,dataset/tshirts/2305.jpg
3015,Tshirts,dataset/tshirts/3015.jpg
3682,Tshirts,dataset/tshirts/3682.jpg
54897,Tshirts,dataset/tshirts/54897.jpg
5428,Tshirts,dataset/tshirts/5428.jpg
31543,Tshirts,dataset/tshirts/31543.jpg
10454,Tshirts,dataset/tshirts/10454.jpg
23133,Tshirts,dataset/tshirts/23133.jpg
4211,Tshirts,dataset/tshirts/4211.jpg
7519,Tshirts,dataset/tshirts/7519.jpg
40101,Tshirts,dataset/tshirts/40101.jpg
34413,Tshirts,dataset/tshirts/34413.jpg
2682,Tshirts,dataset/tshirts/2682.jpg
10015,Tshirts,dataset/tshirts/10015.jpg
6712,Tshirts,dataset/tshirts/6712.jpg
35458,Tshirts,dataset/tshirts/35458.jpg
5208,Tshirts,dataset/tshirts/5208.jpg
14097,Tshirts,dataset/tshirts/14097.jpg
17255,Tshirts,dataset/tshirts/17255.jpg
38956,Tshirts,dataset/tshirts/38956.jpg
38769,Tshirts,dataset/tshirts/38769.jpg
10005,Tshirts,dataset/tshirts/10005.jpg
28849,Tshirts,dataset/tshirts/28849.jpg
1809,Tshirts,dataset/tshirts/1809.jpg
29047,Tshirts,dataset/tshirts/29047.jpg
34321,Tshirts,dataset/tshirts/34321.jpg
16440,Tshirts,dataset/tshirts/16440.jpg
10509,Tshirts,dataset/tshirts/10509.jpg
4807,Tshirts,dataset/tshirts/4807.jpg
31261,Tshirts,dataset/tshirts/31261.jpg
10075,Tshirts,dataset/tshirts/10075.jpg
3434,Tshirts,dataset/tshirts/3434.jpg
37279,Tshirts,dataset/tshirts/37279.jpg
2977,Tshirts,dataset/tshirts/2977.jpg
23176,Tshirts,dataset/tshirts/23176.jpg
18940,Tshirts,dataset/tshirts/18940.jpg
2274,Tshirts,dataset/tshirts/2274.jpg
24020,Tshirts,dataset/tshirts/24020.jpg
7573,Tshirts,dataset/tshirts/7573.jpg
7347,Tshirts,dataset/tshirts/7347.jpg
19483,Tshirts,dataset/tshirts/19483.jpg
1534,Tshirts,dataset/tshirts/1534.jpg
6990,Tshirts,dataset/tshirts/6990.jpg
5668,Tshirts,dataset/tshirts/5668.jpg
3281,Tshirts,dataset/tshirts/3281.jpg
1983,Tshirts,dataset/tshirts/1983.jpg
3791,Tshirts,dataset/tshirts/3791.jpg
15174,Tshirts,dataset/tshirts/15174.jpg
8365,Tshirts,dataset/tshirts/8365.jpg
14063,Tshirts,dataset/tshirts/14063.jpg
5827,Tshirts,dataset/tshirts/5827.jpg
33761,Tshirts,dataset/tshirts/33761.jpg
26265,Tshirts,dataset/tshirts/26265.jpg
7911,Tshirts,dataset/tshirts/7911.jpg
44909,Tshirts,dataset/tshirts/44909.jpg
47284,Tshirts,dataset/tshirts/47284.jpg
14006,Tshirts,dataset/tshirts/14006.jpg
35882,Tshirts,dataset/tshirts/35882.jpg
3612,Tshirts,dataset/tshirts/3612.jpg
19806,Tshirts,dataset/tshirts/19806.jpg
30300,Tshirts,dataset/tshirts/30300.jpg
8830,Tshirts,dataset/tshirts/8830.jpg
23156,Tshirts,dataset/tshirts/23156.jpg
13152,Tshirts,dataset/tshirts/13152.jpg
43693,Tshirts,dataset/tshirts/43693.jpg
23005,Tshirts,dataset/tshirts/23005.jpg
2012,Tshirts,dataset/tshirts/2012.jpg
32973,Tshirts,dataset/tshirts/32973.jpg
7832,Tshirts,dataset/tshirts/7832.jpg
1625,Tshirts,dataset/tshirts/1625.jpg
7590,Tshirts,dataset/tshirts/7590.jpg
6031,Tshirts,dataset/tshirts/6031.jpg
15478,Tshirts,dataset/tshirts/15478.jpg
2340,Tshirts,dataset/tshirts/2340.jpg
5740,Tshirts,dataset/tshirts/5740.jpg
57448,Tshirts,dataset/tshirts/57448.jpg
3267,Tshirts,dataset/tshirts/3267.jpg
9549,Tshirts,dataset/tshirts/9549.jpg
7582,Tshirts,dataset/tshirts/7582.jpg
35986,Tshirts,dataset/tshirts/35986.jpg
28573,Tshirts,dataset/tshirts/28573.jpg
43880,Casual Shoes,dataset/casual_shoes/43880.jpg
23338,Casual Shoes,dataset/casual_shoes/23338.jpg
44502,Casual Shoes,dataset/casual_shoes/44502.jpg
38647,Casual Shoes,dataset/casual_shoes/38647.jpg
21091,Casual Shoes,dataset/casual_shoes/21091.jpg
6133,Casual Shoes,dataset/casual_shoes/6133.jpg
44754,Casual Shoes,dataset/casual_shoes/44754.jpg
25453,Casual Shoes,dataset/casual_shoes/25453.jpg
3585,Casual Shoes,dataset/casual_shoes/3585.jpg
7729,Casual Shoes,dataset/casual_shoes/7729.jpg
6137,Casual Shoes,dataset/casual_shoes/6137.jpg
54736,Casual Shoes,dataset/casual_shoes/54736.jpg
24710,Casual Shoes,dataset/casual_shoes/24710.jpg
3493,Casual Shoes,dataset/casual_shoes/3493.jpg
3570,Casual Shoes,dataset/casual_shoes/3570.jpg
5673,Casual Shoes,dataset/casual_shoes/5673.jpg
17669,Casual Shoes,dataset/casual_shoes/17669.jpg
15883,Casual Shoes,dataset/casual_shoes/15883.jpg
24081,Casual Shoes,dataset/casual_shoes/24081.jpg
4143,Casual Shoes,dataset/casual_shoes/4143.jpg
26618,Casual Shoes,dataset/casual_shoes/26618.jpg
34508,Casual Shoes,dataset/casual_shoes/34508.jpg
42020,Casual Shoes,dataset/casual_shoes/42020.jpg
15353,Casual Shoes,dataset/casual_shoes/15353.jpg
44771,Casual Shoes,dataset/casual_shoes/44771.jpg
20897,Casual Shoes,dataset/casual_shoes/20897.jpg
5942,Casual Shoes,dataset/casual_shoes/5942.jpg
35680,Casual Shoes,dataset/casual_shoes/35680.jpg
10301,Casual Shoes,dataset/casual_shoes/10301.jpg
5939,Casual Shoes,dataset/casual_shoes/5939.jpg
22097,Casual Shoes,dataset/casual_shoes/22097.jpg
6201,Casual Shoes,dataset/casual_shoes/6201.jpg
56653,Casual Shoes,dataset/casual_shoes/56653.jpg
2510,Casual Shoes,dataset/casual_shoes/2510.jpg
57528,Casual Shoes,dataset/casual_shoes/57528.jpg
10162,Casual Shoes,dataset/casual_shoes/10162.jpg
17696,Casual Shoes,dataset/casual_shoes/17696.jpg
4735,Casual Shoes,dataset/casual_shoes/4735.jpg
32945,Casual Shoes,dataset/casual_shoes/32945.jpg
6422,Casual Shoes,dataset/casual_shoes/6422.jpg
7377,Casual Shoes,dataset/casual_shoes/7377.jpg
15260,Casual Shoes,dataset/casual_shoes/15260.jpg
22852,Casual Shoes,dataset/casual_shoes/22852.jpg
22188,Casual Shoes,dataset/casual_shoes/22188.jpg
4441,Casual Shoes,dataset/casual_shoes/4441.jpg
6470,Casual Shoes,dataset/casual_shoes/6470.jpg
35690,Casual Shoes,dataset/casual_shoes/35690.jpg
7809,Casual Shoes,dataset/casual_shoes/7809.jpg
23851,Casual Shoes,dataset/casual_shoes/23851.jpg
18405,Casual Shoes,dataset/casual_shoes/18405.jpg
7812,Casual Shoes,dataset/casual_shoes/7812.jpg
2509,Casual Shoes,dataset/casual_shoes/2509.jpg
5701,Casual Shoes,dataset/casual_shoes/5701.jpg
15507,Casual Shoes,dataset/casual_shoes/15507.jpg
10770,Casual Shoes,dataset/casual_shoes/10770.jpg
44765,Casual Shoes,dataset/casual_shoes/44765.jpg
22824,Casual Shoes,dataset/casual_shoes/22824.jpg
6433,Casual Shoes,dataset/casual_shoes/6433.jpg
7039,Casual Shoes,dataset/casual_shoes/7039.jpg
5292,Casual Shoes,dataset/casual_shoes/5292.jpg
29233,Casual Shoes,dataset/casual_shoes/29233.jpg
11829,Casual Shoes,dataset/casual_shoes/11829.jpg
9026,Casual Shoes,dataset/casual_shoes/9026.jpg
39275,Casual Shoes,dataset/casual_shoes/39275.jpg
15235,Casual Shoes,dataset/casual_shoes/15235.jpg
14497,Casual Shoes,dataset/casual_shoes/14497.jpg
34828,Casual Shoes,dataset/casual_shoes/34828.jpg
49070,Casual Shoes,dataset/casual_shoes/49070.jpg
33855,Casual Shoes,dataset/casual_shoes/33855.jpg
11948,Casual Shoes,dataset/casual_shoes/11948.jpg
50377,Casual Shoes,dataset/casual_shoes/50377.jpg
17705,Casual Shoes,dataset/casual_shoes/17705.jpg
17704,Casual Shoes,dataset/casual_shoes/17704.jpg
4275,Casual Shoes,dataset/casual_shoes/4275.jpg
20700,Casual Shoes,dataset/casual_shoes/20700.jpg
10758,Casual Shoes,dataset/casual_shoes/10758.jpg
6637,Casual Shoes,dataset/casual_shoes/6637.jpg
22177,Casual Shoes,dataset/casual_shoes/22177.jpg
36444,Casual Shoes,dataset/casual_shoes/36444.jpg
53633,Casual Shoes,dataset/casual_shoes/53633.jpg
23840,Casual Shoes,dataset/casual_shoes/23840.jpg
32950,Casual Shoes,dataset/casual_shoes/32950.jpg
20705,Casual Shoes,dataset/casual_shoes/20705.jpg
10630,Casual Shoes,dataset/casual_shoes/10630.jpg
13127,Casual Shoes,dataset/casual_shoes/13127.jpg
26542,Casual Shoes,dataset/casual_shoes/26542.jpg
22826,Casual Shoes,dataset/casual_shoes/22826.jpg
20815,Casual Shoes,dataset/casual_shoes/20815.jpg
18490,Casual Shoes,dataset/casual_shoes/18490.jpg
58817,Casual Shoes,dataset/casual_shoes/58817.jpg
34540,Casual Shoes,dataset/casual_shoes/34540.jpg
22820,Casual Shoes,dataset/casual_shoes/22820.jpg
34756,Casual Shoes,dataset/casual_shoes/34756.jpg
54742,Casual Shoes,dataset/casual_shoes/54742.jpg
41448,Casual Shoes,dataset/casual_shoes/41448.jpg
39664,Casual Shoes,dataset/casual_shoes/39664.jpg
38771,Casual Shoes,dataset/casual_shoes/38771.jpg
23856,Casual Shoes,dataset/casual_shoes/23856.jpg
13477,Casual Shoes,dataset/casual_shoes/13477.jpg
5324,Casual Shoes,dataset/casual_shoes/5324.jpg
37253,Casual Shoes,dataset/casual_shoes/37253.jpg
40316,Casual Shoes,dataset/casual_shoes/40316.jpg
4506,Casual Shoes,dataset/casual_shoes/4506.jpg
7710,Casual Shoes,dataset/casual_shoes/7710.jpg
5677,Casual Shoes,dataset/casual_shoes/5677.jpg
14498,Casual Shoes,dataset/casual_shoes/14498.jpg
12891,Casual Shoes,dataset/casual_shoes/12891.jpg
35818,Casual Shoes,dataset/casual_shoes/35818.jpg
9208,Casual Shoes,dataset/casual_shoes/9208.jpg
13130,Casual Shoes,dataset/casual_shoes/13130.jpg
15072,Casual Shoes,dataset/casual_shoes/15072.jpg
20814,Casual Shoes,dataset/casual_shoes/20814.jpg
49473,Casual Shoes,dataset/casual_shoes/49473.jpg
49061,Casual Shoes,dataset/casual_shoes/49061.jpg
25447,Casual Shoes,dataset/casual_shoes/25447.jpg
2809,Casual Shoes,dataset/casual_shoes/2809.jpg
3675,Casual Shoes,dataset/casual_shoes/3675.jpg
7802,Casual Shoes,dataset/casual_shoes/7802.jpg
41447,Casual Shoes,dataset/casual_shoes/41447.jpg
44746,Casual Shoes,dataset/casual_shoes/44746.jpg
2490,Casual Shoes,dataset/casual_shoes/2490.jpg
33849,Casual Shoes,dataset/casual_shoes/33849.jpg
32555,Casual Shoes,dataset/casual_shoes/32555.jpg
12892,Casual Shoes,dataset/casual_shoes/12892.jpg
31217,Casual Shoes,dataset/casual_shoes/31217.jpg
8997,Casual Shoes,dataset/casual_shoes/8997.jpg
13642,Casual Shoes,dataset/casual_shoes/13642.jpg
22169,Casual Shoes,dataset/casual_shoes/22169.jpg
11841,Casual Shoes,dataset/casual_shoes/11841.jpg
20686,Casual Shoes,dataset/casual_shoes/20686.jpg
39301,Casual Shoes,dataset/casual_shoes/39301.jpg
6811,Casual Shoes,dataset/casual_shoes/6811.jpg
22246,Casual Shoes,dataset/casual_shoes/22246.jpg
13072,Casual Shoes,dataset/casual_shoes/13072.jpg
8249,Casual Shoes,dataset/casual_shoes/8249.jpg
26629,Casual Shoes,dataset/casual_shoes/26629.jpg
50421,Casual Shoes,dataset/casual_shoes/50421.jpg
39641,Casual Shoes,dataset/casual_shoes/39641.jpg
6816,Casual Shoes,dataset/casual_shoes/6816.jpg
51752,Casual Shoes,dataset/casual_shoes/51752.jpg
6801,Casual Shoes,dataset/casual_shoes/6801.jpg
3808,Casual Shoes,dataset/casual_shoes/3808.jpg
29562,Casual Shoes,dataset/casual_shoes/29562.jpg
35689,Casual Shoes,dataset/casual_shoes/35689.jpg
17037,Casual Shoes,dataset/casual_shoes/17037.jpg
4140,Casual Shoes,dataset/casual_shoes/4140.jpg
22240,Casual Shoes,dataset/casual_shoes/22240.jpg
39642,Casual Shoes,dataset/casual_shoes/39642.jpg
18406,Casual Shoes,dataset/casual_shoes/18406.jpg
34854,Casual Shoes,dataset/casual_shoes/34854.jpg
33435,Handbags,dataset/handbags/33435.jpg
3395,Handbags,dataset/handbags/3395.jpg
47394,Handbags,dataset/handbags/47394.jpg
36655,Handbags,dataset/handbags/36655.jpg
53061,Handbags,dataset/handbags/53061.jpg
29738,Handbags,dataset/handbags/29738.jpg
10323,Handbags,dataset/handbags/10323.jpg
2644,Handbags,dataset/handbags/2644.jpg
26434,Handbags,dataset/handbags/26434.jpg
21941,Handbags,dataset/handbags/21941.jpg
53686,Handbags,dataset/handbags/53686.jpg
43290,Handbags,dataset/handbags/43290.jpg
22003,Handbags,dataset/handbags/22003.jpg
18793,Handbags,dataset/handbags/18793.jpg
53944,Handbags,dataset/handbags/53944.jpg
57238,Handbags,dataset/handbags/57238.jpg
25187,Handbags,dataset/handbags/25187.jpg
34865,Handbags,dataset/handbags/34865.jpg
17138,Handbags,dataset/handbags/17138.jpg
57266,Handbags,dataset/handbags/57266.jpg
35149,Handbags,dataset/handbags/35149.jpg
53657,Handbags,dataset/handbags/53657.jpg
37416,Handbags,dataset/handbags/37416.jpg
42858,Handbags,dataset/handbags/42858.jpg
25280,Handbags,dataset/handbags/25280.jpg
18797,Handbags,dataset/handbags/18797.jpg
34779,Handbags,dataset/handbags/34779.jpg
17128,Handbags,dataset/handbags/17128.jpg
21960,Handbags,dataset/handbags/21960.jpg
21991,Handbags,dataset/handbags/21991.jpg
42852,Handbags,dataset/handbags/42852.jpg
29068,Handbags,dataset/handbags/29068.jpg
8255,Handbags,dataset/handbags/8255.jpg
47341,Handbags,dataset/handbags/47341.jpg
34761,Handbags,dataset/handbags/34761.jpg
27732,Handbags,dataset/handbags/27732.jpg
9586,Handbags,dataset/handbags/9586.jpg
21519,Handbags,dataset/handbags/21519.jpg
21536,Handbags,dataset/handbags/21536.jpg
25202,Handbags,dataset/handbags/25202.jpg
10224,Handbags,dataset/handbags/10224.jpg
27746,Handbags,dataset/handbags/27746.jpg
29729,Handbags,dataset/handbags/29729.jpg
38446,Handbags,dataset/handbags/38446.jpg
21946,Handbags,dataset/handbags/21946.jpg
36506,Handbags,dataset/handbags/36506.jpg
33634,Handbags,dataset/handbags/33634.jpg
33393,Handbags,dataset/handbags/33393.jpg
58185,Handbags,dataset/handbags/58185.jpg
28447,Handbags,dataset/handbags/28447.jpg
14815,Handbags,dataset/handbags/14815.jpg
47298,Handbags,dataset/handbags/47298.jpg
25229,Handbags,dataset/handbags/25229.jpg
18033,Handbags,dataset/handbags/18033.jpg
25215,Handbags,dataset/handbags/25215.jpg
44242,Handbags,dataset/handbags/44242.jpg
50240,Handbags,dataset/handbags/50240.jpg
19945,Handbags,dataset/handbags/19945.jpg
27054,Handbags,dataset/handbags/27054.jpg
53684,Handbags,dataset/handbags/53684.jpg
52634,Handbags,dataset/handbags/52634.jpg
25259,Handbags,dataset/handbags/25259.jpg
10227,Handbags,dataset/handbags/10227.jpg
47393,Handbags,dataset/handbags/47393.jpg
53677,Handbags,dataset/handbags/53677.jpg
54040,Handbags,dataset/handbags/54040.jpg
29740,Handbags,dataset/handbags/29740.jpg
25217,Handbags,dataset/handbags/25217.jpg
38465,Handbags,dataset/handbags/38465.jpg
34771,Handbags,dataset/handbags/34771.jpg
43275,Handbags,dataset/handbags/43275.jpg
36522,Handbags,dataset/handbags/36522.jpg
8234,Handbags,dataset/handbags/8234.jpg
36536,Handbags,dataset/handbags/36536.jpg
5286,Handbags,dataset/handbags/5286.jpg
47734,Handbags,dataset/handbags/47734.jpg
51905,Handbags,dataset/handbags/51905.jpg
25265,Handbags,dataset/handbags/25265.jpg
27067,Handbags,dataset/handbags/27067.jpg
27070,Handbags,dataset/handbags/27070.jpg
21939,Handbags,dataset/handbags/21939.jpg
47911,Handbags,dataset/handbags/47911.jpg
51934,Handbags,dataset/handbags/51934.jpg
2672,Handbags,dataset/handbags/2672.jpg
17131,Handbags,dataset/handbags/17131.jpg
25291,Handbags,dataset/handbags/25291.jpg
47386,Handbags,dataset/handbags/47386.jpg
57838,Handbags,dataset/handbags/57838.jpg
38448,Handbags,dataset/handbags/38448.jpg
42843,Handbags,dataset/handbags/42843.jpg
8253,Handbags,dataset/handbags/8253.jpg
25179,Handbags,dataset/handbags/25179.jpg
27736,Handbags,dataset/handbags/27736.jpg
57846,Handbags,dataset/handbags/57846.jpg
27738,Handbags,dataset/handbags/27738.jpg
27672,Handbags,dataset/handbags/27672.jpg
27716,Handbags,dataset/handbags/27716.jpg
29193,Handbags,dataset/handbags/29193.jpg
25160,Handbags,dataset/handbags/25160.jpg
14135,Handbags,dataset/handbags/14135.jpg
1599,Handbags,dataset/handbags/1599.jpg
25184,Handbags,dataset/handbags/25184.jpg
25223,Handbags,dataset/handbags/25223.jpg
25798,Handbags,dataset/handbags/25798.jpg
52759,Handbags,dataset/handbags/52759.jpg
48179,Handbags,dataset/handbags/48179.jpg
47418,Handbags,dataset/handbags/47418.jpg
54384,Handbags,dataset/handbags/54384.jpg
21998,Handbags,dataset/handbags/21998.jpg
58277,Handbags,dataset/handbags/58277.jpg
46972,Handbags,dataset/handbags/46972.jpg
27712,Handbags,dataset/handbags/27712.jpg
21949,Handbags,dataset/handbags/21949.jpg
53685,Handbags,dataset/handbags/53685.jpg
8240,Handbags,dataset/handbags/8240.jpg
38316,Handbags,dataset/handbags/38316.jpg
49069,Handbags,dataset/handbags/49069.jpg
25271,Handbags,dataset/handbags/25271.jpg
53921,Handbags,dataset/handbags/53921.jpg
50184,Handbags,dataset/handbags/50184.jpg
47430,Handbags,dataset/handbags/47430.jpg
54507,Handbags,dataset/handbags/54507.jpg
14794,Handbags,dataset/handbags/14794.jpg
22012,Handbags,dataset/handbags/22012.jpg
43227,Handbags,dataset/handbags/43227.jpg
16768,Handbags,dataset/handbags/16768.jpg
29067,Handbags,dataset/handbags/29067.jpg
21547,Handbags,dataset/handbags/21547.jpg
47289,Handbags,dataset/handbags/47289.jpg
20385,Handbags,dataset/handbags/20385.jpg
37413,Handbags,dataset/handbags/37413.jpg
21945,Handbags,dataset/handbags/21945.jpg
18041,Handbags,dataset/handbags/18041.jpg
21484,Handbags,dataset/handbags/21484.jpg
47888,Handbags,dataset/handbags/47888.jpg
25153,Handbags,dataset/handbags/25153.jpg
1598,Handbags,dataset/handbags/1598.jpg
21995,Handbags,dataset/handbags/21995.jpg
34767,Handbags,dataset/handbags/34767.jpg
26426,Handbags,dataset/handbags/26426.jpg
54505,Handbags,dataset/handbags/54505.jpg
34559,Handbags,dataset/handbags/34559.jpg
21551,Handbags,dataset/handbags/21551.jpg
27733,Handbags,dataset/handbags/27733.jpg
30184,Handbags,dataset/handbags/30184.jpg
47398,Handbags,dataset/handbags/47398.jpg
17135,Handbags,dataset/handbags/17135.jpg
21966,Handbags,dataset/handbags/21966.jpg
34558,Handbags,dataset/handbags/34558.jpg
22005,Handbags,dataset/handbags/22005.jpg
38188,Sunglasses,dataset/sunglasses/38188.jpg
29126,Sunglasses,dataset/sunglasses/29126.jpg
21275,Sunglasses,dataset/sunglasses/21275.jpg
38168,Sunglasses,dataset/sunglasses/38168.jpg
17603,Sunglasses,dataset/sunglasses/17603.jpg
21321,Sunglasses,dataset/sunglasses/21321.jpg
23729,Sunglasses,dataset/sunglasses/23729.jpg
38178,Sunglasses,dataset/sunglasses/38178.jpg
28167,Sunglasses,dataset/sunglasses/28167.jpg
16849,Sunglasses,dataset/sunglasses/16849.jpg
50210,Sunglasses,dataset/sunglasses/50210.jpg
28164,Sunglasses,dataset/sunglasses/28164.jpg
16951,Sunglasses,dataset/sunglasses/16951.jpg
28337,Sunglasses,dataset/sunglasses/28337.jpg
50201,Sunglasses,dataset/sunglasses/50201.jpg
28187,Sunglasses,dataset/sunglasses/28187.jpg
39994,Sunglasses,dataset/sunglasses/39994.jpg
17229,Sunglasses,dataset/sunglasses/17229.jpg
58538,Sunglasses,dataset/sunglasses/58538.jpg
51668,Sunglasses,dataset/sunglasses/51668.jpg
16886,Sunglasses,dataset/sunglasses/16886.jpg
51677,Sunglasses,dataset/sunglasses/51677.jpg
17212,Sunglasses,dataset/sunglasses/17212.jpg
23756,Sunglasses,dataset/sunglasses/23756.jpg
40176,Sunglasses,dataset/sunglasses/40176.jpg
28296,Sunglasses,dataset/sunglasses/28296.jpg
38313,Sunglasses,dataset/sunglasses/38313.jpg
29136,Sunglasses,dataset/sunglasses/29136.jpg
30558,Sunglasses,dataset/sunglasses/30558.jpg
8675,Sunglasses,dataset/sunglasses/8675.jpg
40000,Sunglasses,dataset/sunglasses/40000.jpg
58536,Sunglasses,dataset/sunglasses/58536.jpg
21304,Sunglasses,dataset/sunglasses/21304.jpg
8674,Sunglasses,dataset/sunglasses/8674.jpg
38224,Sunglasses,dataset/sunglasses/38224.jpg
38205,Sunglasses,dataset/sunglasses/38205.jpg
21320,Sunglasses,dataset/sunglasses/21320.jpg
40164,Sunglasses,dataset/sunglasses/40164.jpg
49674,Sunglasses,dataset/sunglasses/49674.jpg
38192,Sunglasses,dataset/sunglasses/38192.jpg
17223,Sunglasses,dataset/sunglasses/17223.jpg
21273,Sunglasses,dataset/sunglasses/21273.jpg
28396,Sunglasses,dataset/sunglasses/28396.jpg
30679,Sunglasses,dataset/sunglasses/30679.jpg
40006,Sunglasses,dataset/sunglasses/40006.jpg
28201,Sunglasses,dataset/sunglasses/28201.jpg
29888,Sunglasses,dataset/sunglasses/29888.jpg
8692,Sunglasses,dataset/sunglasses/8692.jpg
51288,Sunglasses,dataset/sunglasses/51288.jpg
16865,Sunglasses,dataset/sunglasses/16865.jpg
30562,Sunglasses,dataset/sunglasses/30562.jpg
48229,Sunglasses,dataset/sunglasses/48229.jpg
8703,Sunglasses,dataset/sunglasses/8703.jpg
21328,Sunglasses,dataset/sunglasses/21328.jpg
38184,Sunglasses,dataset/sunglasses/38184.jpg
28389,Sunglasses,dataset/sunglasses/28389.jpg
29127,Sunglasses,dataset/sunglasses/29127.jpg
17227,Sunglasses,dataset/sunglasses/17227.jpg
17228,Sunglasses,dataset/sunglasses/17228.jpg
28306,Sunglasses,dataset/sunglasses/28306.jpg
30669,Sunglasses,dataset/sunglasses/30669.jpg
50231,Sunglasses,dataset/sunglasses/50231.jpg
28165,Sunglasses,dataset/sunglasses/28165.jpg
29873,Sunglasses,dataset/sunglasses/29873.jpg
8617,Sunglasses,dataset/sunglasses/8617.jpg
38160,Sunglasses,dataset/sunglasses/38160.jpg
49664,Sunglasses,dataset/sunglasses/49664.jpg
38164,Sunglasses,dataset/sunglasses/38164.jpg
51676,Sunglasses,dataset/sunglasses/51676.jpg
29884,Sunglasses,dataset/sunglasses/29884.jpg
16879,Sunglasses,dataset/sunglasses/16879.jpg
29962,Sunglasses,dataset/sunglasses/29962.jpg
48232,Sunglasses,dataset/sunglasses/48232.jpg
38201,Sunglasses,dataset/sunglasses/38201.jpg
51714,Sunglasses,dataset/sunglasses/51714.jpg
28410,Sunglasses,dataset/sunglasses/28410.jpg
16960,Sunglasses,dataset/sunglasses/16960.jpg
38158,Sunglasses,dataset/sunglasses/38158.jpg
16955,Sunglasses,dataset/sunglasses/16955.jpg
51719,Sunglasses,dataset/sunglasses/51719.jpg
8677,Sunglasses,dataset/sunglasses/8677.jpg
49672,Sunglasses,dataset/sunglasses/49672.jpg
51665,Sunglasses,dataset/sunglasses/51665.jpg
48228,Sunglasses,dataset/sunglasses/48228.jpg
28400,Sunglasses,dataset/sunglasses/28400.jpg
28172,Sunglasses,dataset/sunglasses/28172.jpg
29130,Sunglasses,dataset/sunglasses/29130.jpg
30566,Sunglasses,dataset/sunglasses/30566.jpg
23743,Sunglasses,dataset/sunglasses/23743.jpg
16852,Sunglasses,dataset/sunglasses/16852.jpg
23738,Sunglasses,dataset/sunglasses/23738.jpg
28176,Sunglasses,dataset/sunglasses/28176.jpg
49663,Sunglasses,dataset/sunglasses/49663.jpg
16945,Sunglasses,dataset/sunglasses/16945.jpg
28310,Sunglasses,dataset/sunglasses/28310.jpg
28170,Sunglasses,dataset/sunglasses/28170.jpg
28424,Sunglasses,dataset/sunglasses/28424.jpg
8670,Sunglasses,dataset/sunglasses/8670.jpg
28350,Sunglasses,dataset/sunglasses/28350.jpg
8636,Sunglasses,dataset/sunglasses/8636.jpg
58530,Sunglasses,dataset/sunglasses/58530.jpg
23714,Sunglasses,dataset/sunglasses/23714.jpg
51683,Sunglasses,dataset/sunglasses/51683.jpg
23768,Sunglasses,dataset/sunglasses/23768.jpg
28426,Sunglasses,dataset/sunglasses/28426.jpg
38187,Sunglasses,dataset/sunglasses/38187.jpg
16872,Sunglasses,dataset/sunglasses/16872.jpg
40008,Sunglasses,dataset/sunglasses/40008.jpg
28374,Sunglasses,dataset/sunglasses/28374.jpg
16839,Sunglasses,dataset/sunglasses/16839.jpg
17204,Sunglasses,dataset/sunglasses/17204.jpg
20860,Sunglasses,dataset/sunglasses/20860.jpg
16850,Sunglasses,dataset/sunglasses/16850.jpg
28291,Sunglasses,dataset/sunglasses/28291.jpg
38185,Sunglasses,dataset/sunglasses/38185.jpg
16853,Sunglasses,dataset/sunglasses/16853.jpg
23750,Sunglasses,dataset/sunglasses/23750.jpg
30667,Sunglasses,dataset/sunglasses/30667.jpg
28386,Sunglasses,dataset/sunglasses/28386.jpg
8663,Sunglasses,dataset/sunglasses/8663.jpg
28403,Sunglasses,dataset/sunglasses/28403.jpg
38228,Sunglasses,dataset/sunglasses/38228.jpg
49670,Sunglasses,dataset/sunglasses/49670.jpg
30265,Sunglasses,dataset/sunglasses/30265.jpg
38241,Sunglasses,dataset/sunglasses/38241.jpg
16896,Sunglasses,dataset/sunglasses/16896.jpg
51689,Sunglasses,dataset/sunglasses/51689.jpg
39996,Sunglasses,dataset/sunglasses/39996.jpg
17594,Sunglasses,dataset/sunglasses/17594.jpg
8699,Sunglasses,dataset/sunglasses/8699.jpg
58541,Sunglasses,dataset/sunglasses/58541.jpg
23706,Sunglasses,dataset/sunglasses/23706.jpg
23717,Sunglasses,dataset/sunglasses/23717.jpg
51684,Sunglasses,dataset/sunglasses/51684.jpg
21307,Sunglasses,dataset/sunglasses/21307.jpg
16877,Sunglasses,dataset/sunglasses/16877.jpg
29139,Sunglasses,dataset/sunglasses/29139.jpg
29964,Sunglasses,dataset/sunglasses/29964.jpg
28394,Sunglasses,dataset/sunglasses/28394.jpg
21333,Sunglasses,dataset/sunglasses/21333.jpg
38177,Sunglasses,dataset/sunglasses/38177.jpg
51695,Sunglasses,dataset/sunglasses/51695.jpg
40177,Sunglasses,dataset/sunglasses/40177.jpg
8702,Sunglasses,dataset/sunglasses/8702.jpg
28371,Sunglasses,dataset/sunglasses/28371.jpg
20879,Sunglasses,dataset/sunglasses/20879.jpg
16109,Sunglasses,dataset/sunglasses/16109.jpg
30556,Sunglasses,dataset/sunglasses/30556.jpg
30684,Sunglasses,dataset/sunglasses/30684.jpg
23769,Sunglasses,dataset/sunglasses/23769.jpg
